{
  "vector_stats": {
    "n_hits": 128,
    "timing": {
      "mean": -0.0005365697344248792,
      "std": 0.06174759939781057,
      "min": -0.1696619556707492,
      "max": 0.1769649545800121,
      "median": -0.002075255477705361
    },
    "amplitude": {
      "mean": 0.7004105826564402,
      "std": 0.009077310195879259,
      "min": 0.6675873265993092,
      "max": 0.7218980293321767,
      "median": 0.7002275700794585
    },
    "correlation": 0.030448791851497584,
    "covariance_matrix": [
      [
        0.003842787811167241,
        1.7200994962009146e-05
      ],
      [
        1.7200994962009146e-05,
        8.304636008034121e-05
      ]
    ],
    "eigenvalues": [
      8.296766636194836e-05,
      0.0038428665048856336
    ],
    "magnitude": {
      "mean": 0.7031195180221197,
      "std": 0.009663289933599918
    },
    "angle": {
      "mean": 1.5716253248492063,
      "std": 0.0875695085812441,
      "circular_mean": 1.571643125212911
    },
    "centroid": {
      "timing": -0.0005365697344248792,
      "amplitude": 0.7004105826564402
    }
  },
  "complex_stats": {
    "mean_resultant_length": 0.6497333902663978,
    "mean_phase": -0.004759683752428243,
    "phase_coherence": 0.9276464496041171,
    "circular_variance": 0.07235355039588287,
    "total_power": 62.80414487776336,
    "magnitude_stats": {
      "mean": 0.7004105826564402,
      "std": 0.009077310195879266
    },
    "phase_stats": {
      "mean": -0.003371367071615651,
      "std": 0.38797160928993446
    }
  }
}