{
  "vector_stats": {
    "n_hits": 128,
    "timing": {
      "mean": 0.1236879343435235,
      "std": 0.126882779197038,
      "min": -0.05239490208179489,
      "max": 0.29926484224970573,
      "median": 0.12398616986609637
    },
    "amplitude": {
      "mean": 0.6631718351236351,
      "std": 0.07743338215161166,
      "min": 0.5813273480740825,
      "max": 0.9051504768630605,
      "median": 0.6591379445199855
    },
    "correlation": -0.7743208836852344,
    "covariance_matrix": [
      [
        0.016226005323352995,
        -0.007667576766776192
      ],
      [
        -0.007667576766776192,
        0.006043140708220505
      ]
    ],
    "eigenvalues": [
      0.0019305295338742819,
      0.02033861649769922
    ],
    "magnitude": {
      "mean": 0.6881771144749882,
      "std": 0.06002512344425918
    },
    "angle": {
      "mean": 1.3760734699779062,
      "std": 0.1992105413526584,
      "circular_mean": 1.376084763418729
    },
    "centroid": {
      "timing": 0.1236879343435235,
      "amplitude": 0.6631718351236351
    }
  },
  "complex_stats": {
    "mean_resultant_length": 0.4665971622601818,
    "mean_phase": 0.6843559443893225,
    "phase_coherence": 0.7035841052767178,
    "circular_variance": 0.2964158947232822,
    "total_power": 57.061479881303995,
    "magnitude_stats": {
      "mean": 0.6631718351236351,
      "std": 0.07743338215161168
    },
    "phase_stats": {
      "mean": 0.7771542117426202,
      "std": 0.7972280139849408
    }
  }
}