{
  "statistics": {
    "n_hits": 128,
    "timing": {
      "mean": -0.0005365697344248792,
      "std": 0.06174759939781057,
      "var": 0.0038127660313924962,
      "skewness": 0.15964793213209674,
      "kurtosis": 0.08752667743133813,
      "min": -0.1696619556707492,
      "max": 0.1769649545800121,
      "median": -0.002075255477705361,
      "iqr": 0.07586629439579948
    },
    "amplitude": {
      "mean": 0.7004105826564402,
      "std": 0.009077310195879259,
      "var": 8.239756039221355e-05,
      "skewness": -0.13929064403637448,
      "kurtosis": 0.6827115207072207,
      "min": 0.6675873265993092,
      "max": 0.7218980293321767,
      "median": 0.7002275700794585,
      "iqr": 0.012221930454169971
    },
    "joint": {
      "correlation": 0.030448791851497584,
      "covariance_matrix": [
        [
          0.003842787811167241,
          1.7200994962009146e-05
        ],
        [
          1.7200994962009146e-05,
          8.304636008034121e-05
        ]
      ],
      "eigenvalues": [
        8.296766636194836e-05,
        0.0038428665048856336
      ],
      "eigenvectors": [
        [
          0.00457490366357711,
          -0.9999895350734772
        ],
        [
          -0.9999895350734772,
          -0.00457490366357711
        ]
      ],
      "condition_number": 46.31758420638999
    },
    "geometry": {
      "centroid": [
        -0.0005365697344248792,
        0.7004105826564402
      ],
      "magnitude_mean": 0.7031195180221197,
      "magnitude_std": 0.009663289933599918,
      "angle_mean": 1.5716253248492063,
      "angle_std": 0.0875695085812441,
      "angle_circular_mean": 1.571643125212911
    },
    "outliers": {
      "mahalanobis_threshold": 3.0,
      "n_outliers": 2,
      "outlier_fraction": 0.015625,
      "max_mahalanobis": 3.7353002782084297
    },
    "complex": {
      "mean_resultant_length": 0.6497333902663978,
      "mean_resultant_phase": -0.004759683752428243,
      "phase_coherence": 0.9276464494716739,
      "circular_variance": 0.07235355052832615,
      "total_power": 62.80414487776336
    }
  },
  "autocorrelation": {
    "max_lag": 20,
    "timing_acf": [
      1.0,
      -0.5206387616768902,
      0.23758016499916015,
      -0.10634428958819375,
      -0.11354003840785243,
      0.20384944354106388,
      -0.1868654616731821,
      0.2337874163273183,
      -0.2310086257910882,
      0.21901437543202917,
      -0.1778761993585927,
      0.08396655850637579,
      0.030903750967704403,
      -0.2191788059171509,
      0.2461274720925248,
      -0.2490748695000694,
      0.1893326374751413,
      -0.04149140032284226,
      -0.025457651249204398,
      0.10448426879283648,
      -0.12343206406926115
    ],
    "amplitude_acf": [
      1.0,
      -0.061110079881885666,
      0.13227226653283644,
      0.06704795907450861,
      -0.10005460453461536,
      -0.054154650049673354,
      0.06728540137584503,
      -0.027391791904670486,
      -0.13379586974046856,
      0.052057878408778326,
      0.013249077181492758,
      -0.006133678871892937,
      0.1967822921844242,
      -0.13025234887072562,
      0.06631858241392952,
      0.08177506030848514,
      0.027237875329715475,
      -0.07497784761105553,
      0.06209460558951818,
      -0.266887124848201,
      -0.07178694409515068
    ],
    "cross_correlation": [
      {
        "lag": -20,
        "value": 0.12602038678161037
      },
      {
        "lag": -19,
        "value": 0.04311651182255716
      },
      {
        "lag": -18,
        "value": -0.11820680644930669
      },
      {
        "lag": -17,
        "value": 0.3003774269254994
      },
      {
        "lag": -16,
        "value": -0.2465053371896676
      },
      {
        "lag": -15,
        "value": 0.16562291278643512
      },
      {
        "lag": -14,
        "value": -0.06612819219280477
      },
      {
        "lag": -13,
        "value": 0.0033619267339249346
      },
      {
        "lag": -12,
        "value": 0.04921828153320822
      },
      {
        "lag": -11,
        "value": -0.0305634139239708
      },
      {
        "lag": -10,
        "value": 0.17708634188446984
      },
      {
        "lag": -9,
        "value": -0.10662919291619385
      },
      {
        "lag": -8,
        "value": 0.28063280419866143
      },
      {
        "lag": -7,
        "value": -0.05202824246973218
      },
      {
        "lag": -6,
        "value": 0.05483100649410246
      },
      {
        "lag": -5,
        "value": -0.04455489186771028
      },
      {
        "lag": -4,
        "value": -0.03632144817683419
      },
      {
        "lag": -3,
        "value": 0.13089977265180755
      },
      {
        "lag": -2,
        "value": 0.018867534000203003
      },
      {
        "lag": -1,
        "value": -0.03764599215453317
      },
      {
        "lag": 0,
        "value": 0.030448791851497566
      },
      {
        "lag": 1,
        "value": -0.021331834041195572
      },
      {
        "lag": 2,
        "value": -0.12327652122129736
      },
      {
        "lag": 3,
        "value": 0.0986026808377545
      },
      {
        "lag": 4,
        "value": -0.004844177182299276
      },
      {
        "lag": 5,
        "value": -0.024853458742149944
      },
      {
        "lag": 6,
        "value": -0.10007937938779443
      },
      {
        "lag": 7,
        "value": 0.05312068456902075
      },
      {
        "lag": 8,
        "value": -0.05897997914392138
      },
      {
        "lag": 9,
        "value": 0.01777195649298724
      },
      {
        "lag": 10,
        "value": -0.056750043404547444
      },
      {
        "lag": 11,
        "value": 0.03671424448085227
      },
      {
        "lag": 12,
        "value": -0.05339390184690827
      },
      {
        "lag": 13,
        "value": -0.0793472978881558
      },
      {
        "lag": 14,
        "value": 0.10832188534859334
      },
      {
        "lag": 15,
        "value": -0.09012786481994918
      },
      {
        "lag": 16,
        "value": 0.09148154176669457
      },
      {
        "lag": 17,
        "value": -0.03857167120574727
      },
      {
        "lag": 18,
        "value": -0.10212372321663019
      },
      {
        "lag": 19,
        "value": 0.029794277867686066
      },
      {
        "lag": 20,
        "value": -0.028809058780694896
      }
    ],
    "interpretation": {
      "timing_lag1": -0.5206387616768902,
      "timing_pattern": "compensatory",
      "periodic_lag": 2
    }
  },
  "pca": {
    "explained_variance": [
      0.003842866504885634,
      8.296766636194835e-05
    ],
    "explained_variance_ratio": [
      0.978866232565401,
      0.02113376743459906
    ],
    "cumulative_variance_ratio": [
      0.978866232565401,
      1.0
    ],
    "components": [
      [
        -0.9999895350734772,
        -0.004574903663577112
      ],
      [
        -0.004574903663577112,
        0.9999895350734772
      ]
    ],
    "component_interpretation": [
      {
        "pc": 1,
        "timing_loading": -0.9999895350734772,
        "amplitude_loading": -0.004574903663577112,
        "interpretation": "timing-dominated",
        "variance_explained": 0.978866232565401
      },
      {
        "pc": 2,
        "timing_loading": -0.004574903663577112,
        "amplitude_loading": 0.9999895350734772,
        "interpretation": "amplitude-dominated",
        "variance_explained": 0.02113376743459906
      }
    ]
  },
  "clustering": {
    "models": [
      {
        "n_clusters": 3,
        "silhouette_score": 0.4696145592670752,
        "calinski_harabasz_score": 227.65439126660084,
        "inertia": 0.10739561306740976,
        "cluster_profiles": [
          {
            "cluster_id": 0,
            "n_hits": 30,
            "centroid_timing": 0.0812372246915818,
            "centroid_amplitude": 0.7014027599322421,
            "std_timing": 0.033722484674910964,