{
  "tempo_bpm": 120.0,
  "grid_subdivision": 16,
  "grid_interval_ms": 125.0,
  "num_hits": 128,
  "deviation_stats": {
    "mean_ms": -0.06707121680310985,
    "std_ms": 7.718449924726322,
    "min_ms": -21.207744458843653,
    "max_ms": 22.12061932250151
  }
}