{
  "statistics": {
    "n_hits": 128,
    "timing": {
      "mean": 0.1236879343435235,
      "std": 0.126882779197038,
      "var": 0.0160992396567643,
      "skewness": 0.008953871980429113,
      "kurtosis": -1.9101911249522467,
      "min": -0.05239490208179489,
      "max": 0.29926484224970573,
      "median": 0.12398616986609637,
      "iqr": 0.24722360058531523
    },
    "amplitude": {
      "mean": 0.6631718351236351,
      "std": 0.07743338215161166,
      "var": 0.0059959286714375325,
      "skewness": 1.5494844484839654,
      "kurtosis": 2.608641808276963,
      "min": 0.5813273480740825,
      "max": 0.9051504768630605,
      "median": 0.6591379445199855,
      "iqr": 0.09746381094957501
    },
    "joint": {
      "correlation": -0.7743208836852344,
      "covariance_matrix": [
        [
          0.016226005323352995,
          -0.007667576766776192
        ],
        [
          -0.007667576766776192,
          0.006043140708220505
        ]
      ],
      "eigenvalues": [
        0.0019305295338742819,
        0.02033861649769922
      ],
      "eigenvectors": [
        [
          -0.4726661451160143,
          -0.8812415759944413
        ],
        [
          -0.8812415759944413,
          0.4726661451160143
        ]
      ],
      "condition_number": 10.535252161285234
    },
    "geometry": {
      "centroid": [
        0.1236879343435235,
        0.6631718351236351
      ],
      "magnitude_mean": 0.6881771144749882,
      "magnitude_std": 0.06002512344425918,
      "angle_mean": 1.3760734699779062,
      "angle_std": 0.1992105413526584,
      "angle_circular_mean": 1.376084763418729
    },
    "outliers": {
      "mahalanobis_threshold": 3.0,
      "n_outliers": 8,
      "outlier_fraction": 0.0625,
      "max_mahalanobis": 3.9176983496582274
    },
    "complex": {
      "mean_resultant_length": 0.4665971622601818,
      "mean_resultant_phase": 0.6843559443893225,
      "phase_coherence": 0.703584105170624,
      "circular_variance": 0.296415894829376,
      "total_power": 57.061479881303995
    }
  },
  "autocorrelation": {
    "max_lag": 20,
    "timing_acf": [
      1.0,
      -0.9799905745114317,
      0.9773804844429409,
      -0.9774277502156812,
      0.9729073573647785,
      -0.9731951132394813,
      0.9794519792038833,
      -0.9796779231973207,
      0.9791075828366108,
      -0.9799835205147801,
      0.9795868901694472,
      -0.9807841130818441,
      0.9833246987256246,
      -0.9861790509357126,
      0.9882891335207546,
      -0.9828052795217309,
      0.9834980534434138,
      -0.9804222152659376,
      0.9764510866794637,
      -0.9744632852187234,
      0.976690493194367
    ],
    "amplitude_acf": [
      1.0,
      -0.5939324219197034,
      0.5552109021655122,
      -0.6210988208603063,
      0.5634799235492894,
      -0.6227504531733671,
      0.5751437628927177,
      -0.6245220155714704,
      0.5673984066467942,
      -0.6233962672698482,
      0.5772506015771384,
      -0.632780118811767,
      0.5849116771462993,
      -0.6434303913328208,
      0.5661320968015354,
      -0.6274049358871729,
      0.9849738337016871,
      -0.5920306258343617,
      0.5669279011134569,
      -0.6256112448926661,
      0.5742427120708838
    ],
    "cross_correlation": [
      {
        "lag": -20,
        "value": -0.7936369380211239
      },
      {
        "lag": -19,
        "value": 0.778104597704363
      },
      {
        "lag": -18,
        "value": -0.7764825542877537
      },
      {
        "lag": -17,
        "value": 0.7871062268882865
      },
      {
        "lag": -16,
        "value": -0.7773857353845058
      },
      {
        "lag": -15,
        "value": 0.7914474510637199
      },
      {
        "lag": -14,
        "value": -0.8212606967215754
      },
      {
        "lag": -13,
        "value": 0.7923495661473458
      },
      {
        "lag": -12,
        "value": -0.8000299982006936
      },
      {
        "lag": -11,
        "value": 0.7948511133203593
      },
      {
        "lag": -10,
        "value": -0.7912698078876459
      },
      {
        "lag": -9,
        "value": 0.7996156271523258
      },
      {
        "lag": -8,
        "value": -0.7884862999688401
      },
      {
        "lag": -7,
        "value": 0.8018977534929371
      },
      {
        "lag": -6,
        "value": -0.7767825719982133
      },
      {
        "lag": -5,
        "value": 0.7712581480253482
      },
      {
        "lag": -4,
        "value": -0.7857149953072078
      },
      {
        "lag": -3,
        "value": 0.7822095141035538
      },
      {
        "lag": -2,
        "value": -0.7725597501449438
      },
      {
        "lag": -1,
        "value": 0.7863853979290385
      },
      {
        "lag": 0,
        "value": -0.7743208836852343
      },
      {
        "lag": 1,
        "value": 0.7549633025913188
      },
      {
        "lag": 2,
        "value": -0.7807987524692025
      },
      {
        "lag": 3,
        "value": 0.7510583643094202
      },
      {
        "lag": 4,
        "value": -0.7704598684620582
      },
      {
        "lag": 5,
        "value": 0.7790608902297175
      },
      {
        "lag": 6,
        "value": -0.7745453745549007
      },
      {
        "lag": 7,
        "value": 0.7826391840797158
      },
      {
        "lag": 8,
        "value": -0.7774396363299235
      },
      {
        "lag": 9,
        "value": 0.7852935356222807
      },
      {
        "lag": 10,
        "value": -0.7663443466320815
      },
      {
        "lag": 11,
        "value": 0.7709900787819293
      },
      {
        "lag": 12,
        "value": -0.7824011225155733
      },
      {
        "lag": 13,
        "value": 0.7760978045851212
      },
      {
        "lag": 14,
        "value": -0.7718535289275488
      },
      {
        "lag": 15,
        "value": 0.784816296349951
      },
      {
        "lag": 16,
        "value": -0.775060109287869
      },
      {
        "lag": 17,
        "value": 0.7611992955727539
      },
      {
        "lag": 18,
        "value": -0.7795282040737725
      },
      {
        "lag": 19,
        "value": 0.7587792672798265
      },
      {
        "lag": 20,
        "value": -0.775933449415005
      }
    ],
    "interpretation": {
      "timing_lag1": -0.9799905745114317,
      "timing_pattern": "compensatory",
      "periodic_lag": 2
    }
  },
  "pca": {
    "explained_variance": [
      0.02033861649769922,
      0.0019305295338742808
    ],
    "explained_variance_ratio": [
      0.9133092247391458,
      0.08669077526085417
    ],
    "cumulative_variance_ratio": [
      0.9133092247391458,
      1.0
    ],
    "components": [
      [
        0.8812415759944415,
        -0.4726661451160143
      ],
      [
        -0.4726661451160143,
        -0.8812415759944415
      ]
    ],
    "component_interpretation": [
      {
        "pc": 1,
        "timing_loading": 0.8812415759944415,
        "amplitude_loading": -0.4726661451160143,
        "interpretation": "negative coupling (loud=early or soft=late)",
        "variance_explained": 0.9133092247391458
      },
      {
        "pc": 2,
        "timing_loading": -0.4726661451160143,
        "amplitude_loading": -0.8812415759944415,
        "interpretation": "positive coupling (loud=late or soft=early)",
        "variance_explained": 0.08669077526085417
      }
    ]
  },
  "clustering": {
    "models": [
      {
        "n_clusters": 3,
        "silhouette_score": 0.886625327342611,
        "calinski_harabasz_score": 2988.8741110029487,
        "inertia": 0.05792844148091546,
        "cluster_profiles": [
          {
            "cluster_id": 0,
            "n_hits": 64,
            "centroid_timing": 0.24916088747672238,
            "centroid_amplitude": 0.6021256880768173,
            "std_timing": 0.02009343132824746,
            "std_amplitude": 0.010092574932775314
          },
          {
            "cluster_id": 1,
            "n_hits": 56,